col1,col2,col3,col4
Keefe V. Bolton,Et Incorporated,"-88.39858, -88.73248","369-4143 Mauris, Street"
Ariana H. Shepherd,Mauris Institute,"-67.27606, 131.68236",Ap #728-2740 Rutrum St.
Nero C. Hester,Orci Industries,"-37.95178, -111.30429","P.O. Box 913, 1703 Nullam St."
Alden N. Haley,Porttitor Foundation,"38.76553, 112.2448","P.O. Box 894, 9119 Pede. Road"
Gil W. Burris,Class Foundation,"-2.50624, 111.19335","P.O. Box 374, 3823 Est Street"
Oleg V. Juarez,Amet Dapibus Id Company,"71.96007, 54.91959","P.O. Box 669, 9975 Massa. Road"
Carl Y. Lyons,Sed Consulting,"-46.45099, -41.20256",583-1175 Ac Street
Xander S. Blake,Eu Odio Corp.,"-47.56528, 147.0064","P.O. Box 887, 2108 Odio Avenue"
Alea B. Huffman,Aliquam Fringilla Cursus Incorporated,"-87.5516, 125.61102","P.O. Box 541, 217 Mi Street"
Shay Z. Vasquez,Auctor Odio A Incorporated,"58.90262, -51.26348","P.O. Box 170, 6482 Dui. St."
Melvin K. Cervantes,Fusce Mollis Foundation,"-11.55762, 69.09822","P.O. Box 554, 3019 Sit St."
Renee N. Haley,Suspendisse Associates,"-9.04603, 161.73243",7967 Diam. Street
Rhonda Q. Elliott,Sem Ltd,"-28.00811, 120.66319","P.O. Box 459, 183 Dolor. St."
Lacy Z. Fields,Neque Limited,"-52.6125, 6.95422","P.O. Box 975, 7954 Quam Av."
Nero G. Burns,Et Malesuada Fames LLC,"-65.34475, -24.38058","P.O. Box 803, 1759 Curabitur Avenue"
Macy I. Kline,Tincidunt Associates,"81.27079, 165.76775","P.O. Box 685, 100 Ipsum Rd."
Chadwick U. Anderson,Et Limited,"-63.59422, -168.396","Ap #336-4118 Lectus, Rd."
Dante B. Houston,Lorem Corp.,"-34.57476, -51.50133",1202 Lacinia St.
Daryl D. Burks,Aliquam Inc.,"77.19904, -11.83946",7501 In Street
Orlando Q. Horton,Lorem Ipsum Dolor Company,"40.32334, -115.14751",646-8487 Lorem Avenue
Adrienne C. Crane,Quis Diam Ltd,"37.57462, 15.66212","891-873 Aliquam, Avenue"
Salvador B. Cameron,Ligula Inc.,"45.21032, 103.86651",3436 Euismod Ave
Stone V. Lynch,Ac Nulla In Corp.,"68.42531, -100.80107",965-9947 Lacus. St.
Briar X. Hood,Hendrerit Donec Inc.,"-79.00831, -129.24035","P.O. Box 240, 8784 Mauris Ave"
Fatima H. Finch,Urna Convallis Erat Industries,"63.98567, 135.96555","143-8519 Nec, Street"
Blaze R. Rose,Quisque Ltd,"13.19266, -120.39925","P.O. Box 968, 6524 Nulla St."
Jack I. Mccray,Sed Foundation,"36.97658, -49.7983",3497 Molestie Av.
Jaime P. Dyer,Enim Nunc Incorporated,"2.95461, -21.26397",Ap #920-7223 Suspendisse Avenue
Zeph M. Christian,Sed Pede Consulting,"-89.7693, 75.1758",743 Integer Rd.
Sandra X. Clemons,Nonummy Ultricies Ornare Ltd,"86.26874, 50.24001",Ap #441-5727 Tempus Street
Fuller Z. Hunter,Lectus Pede Corp.,"-21.52784, 106.13085",9971 Augue. St.
Hedley T. Rosa,Est Vitae Limited,"-82.4352, -167.81963","P.O. Box 575, 7630 Ultrices Road"
Cole N. Merritt,Iaculis Institute,"22.12763, -153.72439",6060 Et Road
Kirk C. Jackson,Nonummy Company,"25.69193, -22.62747",785-5850 Euismod Street
Xenos D. Lott,Dictum Ultricies Ligula Incorporated,"55.02917, 89.2",606-7300 Eget Av.
Basia U. Carrillo,Nisl Sem Consequat Incorporated,"26.98316, 66.86471",234-8495 Nulla St.
Ishmael Q. Barr,Ante Maecenas Corporation,"31.10956, -39.81621",981-9576 Rhoncus Street
Kevin V. Newman,Mollis LLP,"-25.04418, 126.78167","P.O. Box 376, 4390 Etiam Street"
May W. Irwin,Duis Ac Limited,"-26.67559, -53.27638","P.O. Box 246, 4472 Tellus St."
Carly L. Middleton,Mus Proin Vel Limited,"76.58388, -38.32327",277-9308 Cras Rd.
Lara Z. Hurst,Aliquet Company,"-83.62223, -153.84159",Ap #855-7491 Mi. Av.
Kelly G. Gonzales,Integer Foundation,"-16.70009, 146.95525",904 Gravida Ave
Nathan K. Parsons,Nisl Sem Consequat PC,"-43.42055, 124.38095","P.O. Box 599, 5906 Turpis Rd."
Halee S. Cline,Velit Associates,"42.91168, -118.01761","P.O. Box 802, 7119 Aliquet, St."
Charde B. Gates,Libero Proin Foundation,"50.44336, 5.97255",1401 Tellus Road
Damon D. Grant,Ac Ipsum Phasellus Foundation,"-89.17476, -117.22473",Ap #538-6799 Sit St.
Regan R. Barton,In Condimentum Ltd,"-45.23246, 11.84502","253-9547 Ut, Ave"
Steel U. Gallegos,Metus In Nec Corporation,"-35.64379, -119.57551","P.O. Box 660, 4136 Vitae, St."
Joseph I. Howe,Vel Nisl Incorporated,"50.47231, -129.01069","P.O. Box 948, 9691 Habitant Road"
Pamela T. Casey,Phasellus Industries,"14.12302, -96.139","P.O. Box 562, 9667 Montes, Rd."
Dennis A. Cox,Magna A Corp.,"-55.8421, 106.77369",Ap #697-396 Eget St.
Randall D. Ewing,Nec Malesuada Ut Incorporated,"-18.43016, -35.92649","1983 Enim, St."
Fuller Q. Malone,Sem Egestas Blandit Foundation,"-89.96845, -169.00533","P.O. Box 922, 9627 Nec Street"
Declan K. Christian,Nisl Sem Associates,"38.43801, -151.13817",2179 Aliquam Rd.
Patrick P. Washington,Bibendum Institute,"17.99734, -148.20429",7372 Eget St.
Eliana O. Barr,Luctus Felis Incorporated,"-81.21563, -152.38903","2214 Tempor, Road"
Sierra R. Carroll,Sed Ltd,"42.25926, -159.10985",Ap #437-4046 Sed Rd.
Brian X. Evans,Quisque Ornare Tortor Consulting,"-70.23207, -154.46831","495-9485 Eu, St."
Bethany N. Sanford,Molestie Arcu Sed Ltd,"48.87499, 10.24854","Ap #746-3750 Ornare, Road"
Desirae Z. Payne,Sed Dui LLC,"-49.77067, 122.49476",111-6514 Proin Ave
Keiko C. Kelly,At Augue Company,"-75.95373, 101.52255",438-1418 Tristique Rd.
Maryam O. Booth,Ullamcorper Duis At Limited,"-6.56613, 119.67165","P.O. Box 995, 9669 Luctus Avenue"
Sophia T. Rush,Nisl Nulla Eu Industries,"28.25002, -16.3188",7112 Mus. Av.
Kaden D. Dillard,Dui LLP,"7.00915, -149.71576","7929 Placerat, St."
Jasper A. Benjamin,Auctor Velit Eget Consulting,"-72.17473, -81.26947","P.O. Box 701, 4595 Eu Rd."
Ross O. Melendez,Eget Volutpat Ornare Limited,"-30.77342, -35.02434",5703 Erat Avenue
Alika U. Wyatt,Lacinia Orci Consectetuer LLC,"-14.58767, -87.77602",864-4625 Quis Street
Latifah Y. Ellison,Elit Curabitur Incorporated,"-85.90933, 155.23272",8067 Enim Rd.
Uma Q. Bray,Aliquam Arcu Aliquam Incorporated,"64.92739, -172.47878","P.O. Box 166, 4722 Nulla Street"
Demetrius F. Stanley,Tincidunt Neque Institute,"-49.86428, 66.87549",299-4781 Augue. Road
Lesley N. Booth,Vel PC,"-88.54293, -144.8008",Ap #486-8792 Faucibus Ave
Simone H. Chavez,Laoreet Institute,"-2.08809, -89.79171","P.O. Box 368, 4064 Aliquam St."
Peter R. Gillespie,Ac Foundation,"39.14039, -167.07744","P.O. Box 373, 4252 Vehicula St."
Breanna J. Mays,Lacinia Institute,"-17.73163, 124.8049","P.O. Box 827, 1703 Arcu. Avenue"
Ronan N. Owens,Lacus Associates,"11.55564, -38.98303",6230 Eros Avenue
Kellie B. Lynch,Suspendisse Dui Fusce Foundation,"4.74351, 36.60791","P.O. Box 265, 8088 Odio. St."
Noble L. Cruz,Nibh Incorporated,"35.9868, -93.0218",Ap #590-8413 In St.
Tarik M. Payne,Id Mollis Nec Corporation,"55.10426, -139.14059",898-274 Dolor. Ave
Madaline V. Bennett,Malesuada Fames LLC,"66.16473, 11.5248",Ap #662-6252 Ultricies Road
Vladimir M. Ball,Egestas Foundation,"71.91533, -80.89109",1691 Eget Rd.
Norman R. Reilly,Sapien Company,"-12.35805, -72.29912",7688 Id Avenue
Phillip G. Hahn,Nunc Ut Erat PC,"-63.47287, 169.95172",Ap #208-9943 Gravida. St.
Cain J. Crosby,Ullamcorper Velit Ltd,"74.65061, 98.43362",Ap #889-3559 Scelerisque Av.
Illiana K. Rasmussen,Vitae Posuere PC,"-84.75513, -83.26824","529-9831 Consectetuer, St."
Ryder X. Davenport,Pharetra Quisque Ac Corporation,"35.1291, 41.43347",7601 Metus. Road
Dean K. Hanson,Magna Et PC,"38.94847, 78.00483",687-5878 Ac Rd.
Adria L. Wheeler,Et LLC,"17.25722, 125.86917",Ap #865-7700 Mauris St.
Stone Y. Palmer,Diam At Corporation,"83.89418, -117.79523",143-2976 Feugiat Rd.
Blaze S. Sparks,Et Libero Associates,"8.99362, -90.09699","P.O. Box 456, 498 Curabitur Road"
Tyrone P. Pugh,Ac Tellus Suspendisse Company,"-53.94655, -69.96659","P.O. Box 712, 5225 Amet St."
Jerry F. Sweet,Urna Corp.,"45.7276, 177.84025",963-535 Conubia Rd.
Coby X. Swanson,Consequat LLC,"3.14038, 154.99151","P.O. Box 441, 5415 Et Street"
Lawrence V. Duke,Nibh Aliquam Ornare LLC,"-38.79675, -155.62121",9924 Leo. Av.
Damon K. Simmons,Metus Consulting,"87.53042, 171.89253",Ap #152-4388 Velit. Ave
Eliana W. Tillman,Tempor Est Inc.,"-4.99248, -39.10447",Ap #519-8584 Phasellus Rd.
Noelani H. Benton,Orci Associates,"-26.63492, 142.91907","P.O. Box 544, 2881 Sagittis. St."
Rylee Z. Zamora,Tempor Augue Consulting,"-53.96956, -68.01574","P.O. Box 592, 1226 Bibendum Rd."
Griffin K. Delacruz,Cras Vulputate Velit Corporation,"-29.62323, -24.23232",129-7066 Per Av.
Risa J. Morin,Faucibus Ltd,"-42.32372, -164.40046",9066 Ipsum Road
Reed O. Diaz,Et Associates,"70.50285, -114.30543","9051 Non, Rd."